category_name,use_case,seo_category,tags
AI Writing Tools,bloggers,ai-tools,"writing,blogging,content"
AI Writing Tools,marketing copy,ai-tools,"writing,marketing,copywriting"
AI Image Generators,social media,ai-tools,"image,design,social"
AI Image Generators,logo design,ai-tools,"image,logo,branding"
Video Editing Tools,TikTok creators,ai-tools,"video,tiktok,editing"
Newsletter Platforms,creators,saas,"newsletter,email,creators"
Landing Page Builders,small businesses,saas,"landing-page,conversion,business"
CRM Tools,solopreneurs,saas,"crm,sales,solo"
AI Chatbots,customer support,ai-tools,"chatbot,support,automation"
AI Coding Assistants,developers,ai-tools,"coding,developer,productivity"
AI Voice Generators,YouTube videos,ai-tools,"tts,voiceover,youtube"
AI Voice Generators,podcasts,ai-tools,"tts,podcast,audio"
SEO Tools,beginners,saas,"seo,marketing,beginner"
SEO Tools,small businesses,saas,"seo,marketing,business"
Email Marketing Tools,e-commerce,saas,"email,ecommerce,marketing"
Email Marketing Tools,startups,saas,"email,startup,marketing"
No-Code Website Builders,portfolios,saas,"website,portfolio,no-code"
No-Code Website Builders,e-commerce,saas,"website,ecommerce,no-code"
AI Research Tools,students,ai-tools,"research,academic,student"
AI Research Tools,market research,ai-tools,"research,business,analytics"
Automation Tools,solopreneurs,saas,"automation,workflow,solo"
Automation Tools,marketing teams,saas,"automation,workflow,marketing"
AI Presentation Tools,sales teams,ai-tools,"presentation,sales,pitch"
Project Management Tools,freelancers,saas,"project,freelance,productivity"
Project Management Tools,remote teams,saas,"project,remote,collaboration"
Screen Recording Tools,course creators,ai-tools,"screen-recording,course,education"
AI Transcription Tools,journalists,ai-tools,"transcription,journalism,notes"
Scheduling Tools,consultants,saas,"scheduling,booking,consultant"
Design Tools,social media managers,ai-tools,"design,social,graphics"
AI Meeting Assistants,remote workers,ai-tools,"meetings,notes,remote"
